href,name
http://www.jacobtyler.com/?utm_source=clutch&utm_medium=referral,Jacob Tyler
https://www.seobrand.com/version1/?utm_source=clutch.co&utm_medium=referral&utm_campaign=directory,SEO Brand
https://www.v9digital.com/?utm_source=clutch.co&utm_medium=referral&utm_campaign=clutch,Volume Nine
http://www.thebrickfactory.com/?utm_source=clutch.co&utm_medium=referral&utm_campaign=directory,The Brick Factory
https://www.gulosolutions.com/?utm_campaign=directory&utm_source=clutch.co&utm_medium=cpc,Gulo
https://www.searchbloom.com/?utm_source=clutch.co&utm_medium=referral,Searchbloom
https://www.firebellymarketing.com/?utm_source=clutch.co&utm_medium=referral,Firebelly Marketing
https://comradeweb.com/?utm_source=clutch.co&utm_medium=referral&utm_campaign=us-agencies-digital-marketing,Comrade Digital Marketing Agency
http://www.ascendantgroupbranding.com/about/?utm_source=clutch.co&utm_medium=referral,The Ascendant Group
